Name,Position,College,Round,Pick,Stat URL,Height,Weight,40 Yard Dash,Bench Press,Vertical Jump,Broad Jump,3 Cone Drill,Shuttle,conf_abbr,games,seasons,tackles_solo,tackles_assists,tackles_total,tackles_loss,sacks,def_int,def_int_yds,def_int_td,pass_defended,fumbles_rec,fumbles_rec_yds,fumbles_rec_td,fumbles_forced,pass_cmp,pass_att,pass_cmp_pct,pass_yds,pass_td,pass_int,pass_rating,rec,rec_yds,rec_yds_per_rec,rec_td,rush_att,rush_yds,rush_yds_per_att,rush_td,scrim_att,scrim_yds,scrim_yds_per_att,scrim_td,punt_ret,punt_ret_yds,punt_ret_yds_per_ret,punt_ret_td,kick_ret,kick_ret_yds,kick_ret_yds_per_ret,kick_ret_tdxpm,xpa,xp_pct,fgm,fga,fg_pct,kick_points,punt,punt_yds,punt_yds_per_punt,Year
Israel Abanikanda,RB,Pittsburgh,5,143,https://www.sports-reference.com/cfb/players/israel-abanikanda-1.html,70,216,,,,,,,,,,,,,,,,,,,,,,,,,,,,,,,,,,,,,,,,,,,,,,,,,,,,,,,,,,,2023
Yasir Abdullah,LB,Louisville,5,136,https://www.sports-reference.com/cfb/players/yasir-abdullah-1.html,73,237,4.47,,36.5,129.0,,,,,,,,,,,,,,,,,,,,,,,,,,,,,,,,,,,,,,,,,,,,,,,,,,,,,,,2023
Devon Achane,RB,Texas A&M,3,84,https://www.sports-reference.com/cfb/players/devon-achane-1.html,69,188,4.32,,33.0,,,,,,,,,,,,,,,,,,,,,,,,,,,,,,,,,,,,,,,,,,,,,,,,,,,,,,,,2023
Jordan Addison,WR,USC,1,23,https://www.sports-reference.com/cfb/players/jordan-addison-1.html,71,173,4.49,,34.0,122.0,,,,,,,,,,,,,,,,,,,,,,,,,,,,,,,,,,,,,,,,,,,,,,,,,,,,,,,2023
Adetomiwa Adebawore,DE,Northwestern,4,110,https://www.sports-reference.com/cfb/players/adetomiwa-adebawore-1.html,74,282,4.49,27.0,37.5,125.0,,,,,,,,,,,,,,,,,,,,,,,,,,,,,,,,,,,,,,,,,,,,,,,,,,,,,,,2023
Alan Ali,C,TCU,0,0,https://www.sports-reference.com/cfb/players/alan-ali-1.html,76,301,,,26.5,,,,,,,,,,,,,,,,,,,,,,,,,,,,,,,,,,,,,,,,,,,,,,,,,,,,,,,,2023
Davis Allen,TE,Clemson,5,175,https://www.sports-reference.com/cfb/players/davis-allen-1.html,78,245,,,38.5,125.0,,,,,,,,,,,,,,,,,,,,,,,,,,,,,,,,,,,,,,,,,,,,,,,,,,,,,,,2023
MJ Anderson,DE,Iowa St.,0,0,https://www.sports-reference.com/cfb/players/mj-anderson-1.html,75,269,,,33.0,,,,,,,,,,,,,,,,,,,,,,,,,,,,,,,,,,,,,,,,,,,,,,,,,,,,,,,,2023
Jake Andrews,C,Troy,4,107,https://www.sports-reference.com/cfb/players/jake-andrews-1.html,75,305,5.15,,26.0,102.0,,4.73,,,,,,,,,,,,,,,,,,,,,,,,,,,,,,,,,,,,,,,,,,,,,,,,,,,,,2023
Felix Anudike-Uzomah,EDGE,Kansas St.,1,31,https://www.sports-reference.com/cfb/players/felix-anudike-uzomah-1.html,75,255,,,,,,,,,,,,,,,,,,,,,,,,,,,,,,,,,,,,,,,,,,,,,,,,,,,,,,,,,,,2023
Malaesala Aumavae-Laulu,OT,Oregon,6,199,https://www.sports-reference.com/cfb/players/malaesala-aumavae-laulu-1.html,78,317,5.23,,28.5,106.0,7.65,4.75,,,,,,,,,,,,,,,,,,,,,,,,,,,,,,,,,,,,,,,,,,,,,,,,,,,,,2023
Alex Austin,CB,Oregon St.,7,252,https://www.sports-reference.com/cfb/players/alex-austin-1.html,73,195,4.55,,33.0,122.0,,4.33,,,,,,,,,,,,,,,,,,,,,,,,,,,,,,,,,,,,,,,,,,,,,,,,,,,,,2023
Henry Bainivalu,OG,Washington,0,0,https://www.sports-reference.com/cfb/players/henry-bainivalu-1.html,78,306,5.5,,28.0,101.0,8.34,4.97,,,,,,,,,,,,,,,,,,,,,,,,,,,,,,,,,,,,,,,,,,,,,,,,,,,,,2023
Habakkuk Baldonado,EDGE,Pittsburgh,0,0,https://www.sports-reference.com/cfb/players/habakkuk-baldonado-1.html,76,251,4.78,21.0,35.0,120.0,7.11,4.44,,,,,,,,,,,,,,,,,,,,,,,,,,,,,,,,,,,,,,,,,,,,,,,,,,,,,2023
Deonte Banks,CB,Maryland,1,24,https://www.sports-reference.com/cfb/players/deonte-banks-1.html,72,197,4.35,,42.0,136.0,,,,,,,,,,,,,,,,,,,,,,,,,,,,,,,,,,,,,,,,,,,,,,,,,,,,,,,2023
Jeremy Banks,LB,Tennessee,0,0,https://www.sports-reference.com/cfb/players/jeremy-banks-2.html,73,232,4.53,25.0,37.5,127.0,7.27,4.38,,,,,,,,,,,,,,,,,,,,,,,,,,,,,,,,,,,,,,,,,,,,,,,,,,,,,2023
Bryce Baringer,P,Michigan St.,6,192,https://www.sports-reference.com/cfb/players/bryce-baringer-1.html,74,216,,,,,,,,,,,,,,,,,,,,,,,,,,,,,,,,,,,,,,,,,,,,,,,,,,,,,,,,,,,2023
Micah Baskerville,LB,LSU,0,0,https://www.sports-reference.com/cfb/players/micah-baskerville-1.html,73,221,,,31.0,115.0,,,,,,,,,,,,,,,,,,,,,,,,,,,,,,,,,,,,,,,,,,,,,,,,,,,,,,,2023
Jordan Battle,DB,Alabama,3,95,https://www.sports-reference.com/cfb/players/jordan-battle-1.html,73,209,4.55,17.0,,,,,,,,,,,,,,,,,,,,,,,,,,,,,,,,,,,,,,,,,,,,,,,,,,,,,,,,,2023
Robert Beal,EDGE,Georgia,5,173,https://www.sports-reference.com/cfb/players/robert-beal-1.html,76,247,4.48,,30.0,123.0,,,,,,,,,,,,,,,,,,,,,,,,,,,,,,,,,,,,,,,,,,,,,,,,,,,,,,,2023
Ronnie Bell,WR,Michigan,7,253,https://www.sports-reference.com/cfb/players/ronnie-bell-3.html,72,191,4.54,14.0,38.5,120.0,6.98,4.15,,,,,,,,,,,,,,,,,,,,,,,,,,,,,,,,,,,,,,,,,,,,,,,,,,,,,2023
Jakorian Bennett,CB,Maryland,4,104,https://www.sports-reference.com/cfb/players/jakorian-bennett-1.html,71,188,4.3,13.0,40.5,133.0,,,,,,,,,,,,,,,,,,,,,,,,,,,,,,,,,,,,,,,,,,,,,,,,,,,,,,,2023
Stetson Bennett,QB,Georgia,4,128,https://www.sports-reference.com/cfb/players/stetson-bennett-1.html,71,192,4.67,,33.5,118.0,,4.2,,,,,,,,,,,,,,,,,,,,,,,,,,,,,,,,,,,,,,,,,,,,,,,,,,,,,2023
Keeanu Benton,DT,Wisconsin,2,49,https://www.sports-reference.com/cfb/players/keeanu-benton-1.html,76,309,5.08,25.0,29.5,111.0,7.34,4.65,,,,,,,,,,,,,,,,,,,,,,,,,,,,,,,,,,,,,,,,,,,,,,,,,,,,,2023
Matthew Bergeron,OT,Syracuse,2,38,https://www.sports-reference.com/cfb/players/matthew-bergeron-2.html,77,318,,,30.5,103.0,,,,,,,,,,,,,,,,,,,,,,,,,,,,,,,,,,,,,,,,,,,,,,,,,,,,,,,2023
Tank Bigsby,RB,Auburn,3,88,https://www.sports-reference.com/cfb/players/tank-bigsby-1.html,72,210,4.56,,32.5,119.0,,,,,,,,,,,,,,,,,,,,,,,,,,,,,,,,,,,,,,,,,,,,,,,,,,,,,,,2023
Mekhi Blackmon,CB,USC,3,102,https://www.sports-reference.com/cfb/players/mekhi-blackmon-1.html,71,178,4.47,11.0,36.0,125.0,,,,,,,,,,,,,,,,,,,,,,,,,,,,,,,,,,,,,,,,,,,,,,,,,,,,,,,2023
Jake Bobo,WR,UCLA,0,0,https://www.sports-reference.com/cfb/players/jake-bobo-1.html,76,206,,,,,,,,,,,,,,,,,,,,,,,,,,,,,,,,,,,,,,,,,,,,,,,,,,,,,,,,,,,2023
Kayshon Boutte,WR,LSU,6,187,https://www.sports-reference.com/cfb/players/kayshon-boutte-1.html,71,195,4.5,,29.0,118.0,,4.25,,,,,,,,,,,,,,,,,,,,,,,,,,,,,,,,,,,,,,,,,,,,,,,,,,,,,2023
Lance Boykin,CB,Coastal Carolina,0,0,https://www.sports-reference.com/cfb/players/lance-boykin-1.html,74,200,,13.0,,124.0,,,,,,,,,,,,,,,,,,,,,,,,,,,,,,,,,,,,,,,,,,,,,,,,,,,,,,,2023
Anthony Bradford,OG,LSU,4,108,https://www.sports-reference.com/cfb/players/anthony-bradford-1.html,76,332,5.08,,30.0,106.0,7.84,4.8,,,,,,,,,,,,,,,,,,,,,,,,,,,,,,,,,,,,,,,,,,,,,,,,,,,,,2023
Brian Branch,CB,Alabama,2,45,https://www.sports-reference.com/cfb/players/brian-branch-1.html,72,190,4.58,14.0,34.5,125.0,,,,,,,,,,,,,,,,,,,,,,,,,,,,,,,,,,,,,,,,,,,,,,,,,,,,,,,2023
Julius Brents,CB,Kansas St.,2,44,https://www.sports-reference.com/cfb/players/julius-brents-1.html,75,198,4.53,,41.5,138.0,6.63,4.05,,,,,,,,,,,,,,,,,,,,,,,,,,,,,,,,,,,,,,,,,,,,,,,,,,,,,2023
Bryan Bresee,DT,Clemson,1,29,https://www.sports-reference.com/cfb/players/bryan-bresee-1.html,78,298,4.86,22.0,29.0,,,,,,,,,,,,,,,,,,,,,,,,,,,,,,,,,,,,,,,,,,,,,,,,,,,,,,,,2023
Nick Broeker,OG,Mississippi,7,230,https://www.sports-reference.com/cfb/players/nick-broeker-1.html,76,305,5.27,,,,7.75,4.7,,,,,,,,,,,,,,,,,,,,,,,,,,,,,,,,,,,,,,,,,,,,,,,,,,,,,2023
Jalen Brooks,WR,South Carolina,7,244,https://www.sports-reference.com/cfb/players/jalen-brooks-2.html,73,201,4.69,,35.0,130.0,7.15,4.31,,,,,,,,,,,,,,,,,,,,,,,,,,,,,,,,,,,,,,,,,,,,,,,,,,,,,2023
Myles Brooks,CB,Louisiana Tech,0,0,https://www.sports-reference.com/cfb/players/myles-brooks-1.html,73,201,,,,,,,,,,,,,,,,,,,,,,,,,,,,,,,,,,,,,,,,,,,,,,,,,,,,,,,,,,,2023
Cameron Brown,CB,Ohio St.,0,0,https://www.sports-reference.com/cfb/players/cameron-brown-2.html,72,199,,,,,,,,,,,,,,,,,,,,,,,,,,,,,,,,,,,,,,,,,,,,,,,,,,,,,,,,,,,2023
Chase Brown,RB,Illinois,5,163,https://www.sports-reference.com/cfb/players/chase-brown-3.html,70,209,4.43,,40.0,127.0,,,,,,,,,,,,,,,,,,,,,,,,,,,,,,,,,,,,,,,,,,,,,,,,,,,,,,,2023
Ji'Ayir Brown,DB,Penn St.,3,87,https://www.sports-reference.com/cfb/players/jiayir-brown-1.html,71,203,4.65,18.0,32.5,119.0,,,,,,,,,,,,,,,,,,,,,,,,,,,,,,,,,,,,,,,,,,,,,,,,,,,,,,,2023
Sydney Brown,DB,Illinois,3,66,https://www.sports-reference.com/cfb/players/sydney-brown-1.html,70,211,4.47,23.0,40.5,130.0,,,,,,,,,,,,,,,,,,,,,,,,,,,,,,,,,,,,,,,,,,,,,,,,,,,,,,,2023
Arquon Bush,CB,Cincinnati,0,0,https://www.sports-reference.com/cfb/players/arquon-bush-1.html,72,187,4.54,,33.5,115.0,,,,,,,,,,,,,,,,,,,,,,,,,,,,,,,,,,,,,,,,,,,,,,,,,,,,,,,2023
Jack Campbell,LB,Iowa,1,18,https://www.sports-reference.com/cfb/players/jack-campbell-1.html,77,249,4.65,,37.5,128.0,6.74,4.24,,,,,,,,,,,,,,,,,,,,,,,,,,,,,,,,,,,,,,,,,,,,,,,,,,,,,2023
Anders Carlson,K,Auburn,0,0,https://www.sports-reference.com/cfb/players/anders-carlson-1.html,77,218,,,,,,,,,,,,,,,,,,,,,,,,,,,,,,,,,,,,,,,,,,,,,,,,,,,,,,,,,,,2023
Jalen Carter,DT,Georgia,1,9,https://www.sports-reference.com/cfb/players/jalen-carter-1.html,75,314,,,,,,,,,,,,,,,,,,,,,,,,,,,,,,,,,,,,,,,,,,,,,,,,,,,,,,,,,,,2023
Zach Charbonnet,RB,UCLA,2,52,https://www.sports-reference.com/cfb/players/zach-charbonnet-1.html,72,214,4.53,,37.0,122.0,,,,,,,,,,,,,,,,,,,,,,,,,,,,,,,,,,,,,,,,,,,,,,,,,,,,,,,2023
Jerrod Clark,DT,Coastal Carolina,0,0,https://www.sports-reference.com/cfb/players/jerrod-clark-1.html,76,334,5.25,,27.5,102.0,7.6,4.83,,,,,,,,,,,,,,,,,,,,,,,,,,,,,,,,,,,,,,,,,,,,,,,,,,,,,2023
Keondre Coburn,DT,Texas,6,194,https://www.sports-reference.com/cfb/players/keondre-coburn-1.html,74,332,5.22,24.0,27.5,101.0,,,,,,,,,,,,,,,,,,,,,,,,,,,,,,,,,,,,,,,,,,,,,,,,,,,,,,,2023
Chamarri Conner,DB,Virginia Tech,4,119,https://www.sports-reference.com/cfb/players/chamarri-conner-1.html,72,202,4.51,20.0,40.5,125.0,,,,,,,,,,,,,,,,,,,,,,,,,,,,,,,,,,,,,,,,,,,,,,,,,,,,,,,2023
Jacob Copeland,WR,Maryland,0,0,https://www.sports-reference.com/cfb/players/jacob-copeland-1.html,71,201,4.42,20.0,33.0,127.0,7.01,4.47,,,,,,,,,,,,,,,,,,,,,,,,,,,,,,,,,,,,,,,,,,,,,,,,,,,,,2023
Brenton Cox,EDGE,Florida,0,0,https://www.sports-reference.com/cfb/players/brenton-cox-1.html,76,250,4.82,24.0,33.0,115.0,,,,,,,,,,,,,,,,,,,,,,,,,,,,,,,,,,,,,,,,,,,,,,,,,,,,,,,2023
Malik Cunningham,QB,Louisville,0,0,https://www.sports-reference.com/cfb/players/malik-cunningham-1.html,72,192,4.53,,,,,,,,,,,,,,,,,,,,,,,,,,,,,,,,,,,,,,,,,,,,,,,,,,,,,,,,,,2023
DJ Dale,DT,Alabama,0,0,https://www.sports-reference.com/cfb/players/dj-dale-1.html,73,302,5.26,,25.5,98.0,7.69,4.8,,,,,,,,,,,,,,,,,,,,,,,,,,,,,,,,,,,,,,,,,,,,,,,,,,,,,2023
Derius Davis,WR,TCU,4,125,https://www.sports-reference.com/cfb/players/derius-davis-1.html,68,165,4.36,,,,,4.38,,,,,,,,,,,,,,,,,,,,,,,,,,,,,,,,,,,,,,,,,,,,,,,,,,,,,2023
Nathaniel Dell,WR,Houston,3,69,https://www.sports-reference.com/cfb/players/nathaniel-dell-1.html,68,165,4.49,,,121.0,,,,,,,,,,,,,,,,,,,,,,,,,,,,,,,,,,,,,,,,,,,,,,,,,,,,,,,2023
SirVocea Dennis,LB,Pittsburgh,5,153,https://www.sports-reference.com/cfb/players/sirvocea-dennis-1.html,73,226,,19.0,,,,,,,,,,,,,,,,,,,,,,,,,,,,,,,,,,,,,,,,,,,,,,,,,,,,,,,,,2023
Gervon Dexter,DT,Florida,2,53,https://www.sports-reference.com/cfb/players/gervon-dexter-1.html,78,310,4.88,22.0,31.0,110.0,7.5,,,,,,,,,,,,,,,,,,,,,,,,,,,,,,,,,,,,,,,,,,,,,,,,,,,,,,2023
YaYa Diaby,DE,Louisville,3,82,https://www.sports-reference.com/cfb/players/yaya-diaby-1.html,75,263,4.51,,37.0,120.0,,,,,,,,,,,,,,,,,,,,,,,,,,,,,,,,,,,,,,,,,,,,,,,,,,,,,,,2023
Demario Douglas,WR,Liberty,0,0,https://www.sports-reference.com/cfb/players/demario-douglas-1.html,68,179,4.44,,39.5,134.0,,4.29,,,,,,,,,,,,,,,,,,,,,,,,,,,,,,,,,,,,,,,,,,,,,,,,,,,,,2023
Josh Downs,WR,North Carolina,3,79,https://www.sports-reference.com/cfb/players/josh-downs-2.html,69,171,4.48,,38.5,131.0,,,,,,,,,,,,,,,,,,,,,,,,,,,,,,,,,,,,,,,,,,,,,,,,,,,,,,,2023
Grant DuBose,WR,Charlotte,0,0,https://www.sports-reference.com/cfb/players/grant-dubose-1.html,74,201,4.57,,35.0,125.0,6.89,4.32,,,,,,,,,,,,,,,,,,,,,,,,,,,,,,,,,,,,,,,,,,,,,,,,,,,,,2023
Max Duggan,QB,TCU,7,239,https://www.sports-reference.com/cfb/players/max-duggan-1.html,74,207,4.52,,30.5,116.0,7.26,4.45,,,,,,,,,,,,,,,,,,,,,,,,,,,,,,,,,,,,,,,,,,,,,,,,,,,,,2023
Christopher Dunn,K,North Carolina St.,0,0,https://www.sports-reference.com/cfb/players/christopher-dunn-1.html,68,175,,,,,,,,,,,,,,,,,,,,,,,,,,,,,,,,,,,,,,,,,,,,,,,,,,,,,,,,,,,2023
Payne Durham,TE,Purdue,5,171,https://www.sports-reference.com/cfb/players/payne-durham-1.html,78,253,,,34.5,117.0,,,,,,,,,,,,,,,,,,,,,,,,,,,,,,,,,,,,,,,,,,,,,,,,,,,,,,,2023
Travis Dye,RB,USC,0,0,https://www.sports-reference.com/cfb/players/travis-dye-1.html,70,201,,,,,,,,,,,,,,,,,,,,,,,,,,,,,,,,,,,,,,,,,,,,,,,,,,,,,,,,,,,2023
Ikenna Enechukwu,DE,Rice,0,0,https://www.sports-reference.com/cfb/players/ikenna-enechukwu-1.html,76,264,4.7,,31.5,120.0,,,,,,,,,,,,,,,,,,,,,,,,,,,,,,,,,,,,,,,,,,,,,,,,,,,,,,,2023
Tiyon Evans,RB,Louisville,0,0,https://www.sports-reference.com/cfb/players/tiyon-evans-2.html,70,225,4.52,,30.5,,,,,,,,,,,,,,,,,,,,,,,,,,,,,,,,,,,,,,,,,,,,,,,,,,,,,,,,2023
Zach Evans,RB,Mississippi,6,215,https://www.sports-reference.com/cfb/players/zach-evans-1.html,71,202,,,,,,,,,,,,,,,,,,,,,,,,,,,,,,,,,,,,,,,,,,,,,,,,,,,,,,,,,,,2023
Zay Flowers,WR,Boston Col.,1,22,https://www.sports-reference.com/cfb/players/zay-flowers-1.html,69,182,4.42,,35.5,127.0,,,,,,,,,,,,,,,,,,,,,,,,,,,,,,,,,,,,,,,,,,,,,,,,,,,,,,,2023
Emmanuel Forbes,CB,Mississippi St.,1,16,https://www.sports-reference.com/cfb/players/emmanuel-forbes-1.html,73,166,4.35,,37.5,131.0,,,,,,,,,,,,,,,,,,,,,,,,,,,,,,,,,,,,,,,,,,,,,,,,,,,,,,,2023
Bryce Ford-Wheaton,WR,West Virginia,0,0,https://www.sports-reference.com/cfb/players/bryce-ford-wheaton-1.html,76,221,4.38,,41.0,129.0,6.97,4.15,,,,,,,,,,,,,,,,,,,,,,,,,,,,,,,,,,,,,,,,,,,,,,,,,,,,,2023
Alex Forsyth,C,Oregon,7,257,https://www.sports-reference.com/cfb/players/alex-forsyth-1.html,76,303,,,20.5,95.0,,,,,,,,,,,,,,,,,,,,,,,,,,,,,,,,,,,,,,,,,,,,,,,,,,,,,,,2023
Isaiah Foskey,EDGE,Notre Dame,2,40,https://www.sports-reference.com/cfb/players/isaiah-foskey-1.html,77,264,4.58,22.0,34.0,125.0,7.28,4.41,,,,,,,,,,,,,,,,,,,,,,,,,,,,,,,,,,,,,,,,,,,,,,,,,,,,,2023
Blake Freeland,OT,BYU,4,106,https://www.sports-reference.com/cfb/players/blake-freeland-1.html,80,302,4.98,,37.0,120.0,7.46,4.71,,,,,,,,,,,,,,,,,,,,,,,,,,,,,,,,,,,,,,,,,,,,,,,,,,,,,2023
Jon Gaines,OG,UCLA,0,0,https://www.sports-reference.com/cfb/players/jon-gaines-ii-1.html,76,303,5.01,,32.5,114.0,7.31,4.45,,,,,,,,,,,,,,,,,,,,,,,,,,,,,,,,,,,,,,,,,,,,,,,,,,,,,2023
Connor Galvin,OT,Baylor,0,0,https://www.sports-reference.com/cfb/players/connor-galvin-1.html,79,293,5.48,,30.5,104.0,8.0,4.92,,,,,,,,,,,,,,,,,,,,,,,,,,,,,,,,,,,,,,,,,,,,,,,,,,,,,2023
Mekhi Garner,CB,LSU,0,0,https://www.sports-reference.com/cfb/players/mekhi-garner-1.html,74,212,4.55,,38.0,128.0,,,,,,,,,,,,,,,,,,,,,,,,,,,,,,,,,,,,,,,,,,,,,,,,,,,,,,,2023
Ali Gaye,EDGE,LSU,0,0,https://www.sports-reference.com/cfb/players/ali-gaye-1.html,78,263,,,,,,,,,,,,,,,,,,,,,,,,,,,,,,,,,,,,,,,,,,,,,,,,,,,,,,,,,,,2023
Jahmyr Gibbs,RB,Alabama,1,12,https://www.sports-reference.com/cfb/players/jahmyr-gibbs-1.html,69,199,4.36,,33.5,,,,,,,,,,,,,,,,,,,,,,,,,,,,,,,,,,,,,,,,,,,,,,,,,,,,,,,,2023
Christian Gonzalez,CB,Oregon,1,17,https://www.sports-reference.com/cfb/players/christian-gonzalez-2.html,73,197,4.38,14.0,41.5,133.0,,,,,,,,,,,,,,,,,,,,,,,,,,,,,,,,,,,,,,,,,,,,,,,,,,,,,,,2023
Richard Gouraige,OT,Florida,0,0,https://www.sports-reference.com/cfb/players/richard-gouraige-1.html,77,306,,,,,,,,,,,,,,,,,,,,,,,,,,,,,,,,,,,,,,,,,,,,,,,,,,,,,,,,,,,2023
Jalen Graham,LB,Purdue,7,255,https://www.sports-reference.com/cfb/players/jalen-graham-1.html,74,220,4.64,,30.5,112.0,,,,,,,,,,,,,,,,,,,,,,,,,,,,,,,,,,,,,,,,,,,,,,,,,,,,,,,2023
Eric Gray,RB,Oklahoma,5,172,https://www.sports-reference.com/cfb/players/eric-gray-2.html,70,207,,,37.5,118.0,,,,,,,,,,,,,,,,,,,,,,,,,,,,,,,,,,,,,,,,,,,,,,,,,,,,,,,2023
Antoine Green,WR,North Carolina,7,219,https://www.sports-reference.com/cfb/players/antoine-green-1.html,74,199,4.47,,33.5,123.0,6.99,4.27,,,,,,,,,,,,,,,,,,,,,,,,,,,,,,,,,,,,,,,,,,,,,,,,,,,,,2023
Jovaughn Gwyn,OG,South Carolina,0,0,https://www.sports-reference.com/cfb/players/jovaughn-gwyn-1.html,74,297,5.12,,27.5,109.0,7.9,4.8,,,,,,,,,,,,,,,,,,,,,,,,,,,,,,,,,,,,,,,,,,,,,,,,,,,,,2023
Jake Haener,QB,Fresno St.,4,127,https://www.sports-reference.com/cfb/players/jake-haener-1.html,72,207,,,35.0,114.0,7.01,,,,,,,,,,,,,,,,,,,,,,,,,,,,,,,,,,,,,,,,,,,,,,,,,,,,,,2023
Derick Hall,EDGE,Auburn,2,37,https://www.sports-reference.com/cfb/players/derick-hall-1.html,75,254,4.55,,33.5,127.0,,,,,,,,,,,,,,,,,,,,,,,,,,,,,,,,,,,,,,,,,,,,,,,,,,,,,,,2023
Jaren Hall,QB,BYU,5,164,https://www.sports-reference.com/cfb/players/jaren-hall-1.html,72,207,,,,,,,,,,,,,,,,,,,,,,,,,,,,,,,,,,,,,,,,,,,,,,,,,,,,,,,,,,,2023
Nick Hampton,EDGE,Appalachian St.,5,161,https://www.sports-reference.com/cfb/players/nick-hampton-1.html,74,236,4.58,,35.5,120.0,,,,,,,,,,,,,,,,,,,,,,,,,,,,,,,,,,,,,,,,,,,,,,,,,,,,,,,2023
Anton Harrison,OT,Oklahoma,1,27,https://www.sports-reference.com/cfb/players/anton-harrison-1.html,76,315,4.98,,28.5,105.0,,,,,,,,,,,,,,,,,,,,,,,,,,,,,,,,,,,,,,,,,,,,,,,,,,,,,,,2023
Zach Harrison,EDGE,Ohio St.,3,75,https://www.sports-reference.com/cfb/players/zach-harrison-1.html,78,274,,25.0,,,,,,,,,,,,,,,,,,,,,,,,,,,,,,,,,,,,,,,,,,,,,,,,,,,,,,,,,2023
Jadon Haselwood,WR,Arkansas,0,0,https://www.sports-reference.com/cfb/players/jadon-haselwood-1.html,74,215,4.66,,37.0,123.0,6.98,4.31,,,,,,,,,,,,,,,,,,,,,,,,,,,,,,,,,,,,,,,,,,,,,,,,,,,,,2023
Ryan Hayes,OT,Michigan,7,238,https://www.sports-reference.com/cfb/players/ryan-hayes-1.html,78,298,5.18,,30.0,103.0,7.39,,,,,,,,,,,,,,,,,,,,,,,,,,,,,,,,,,,,,,,,,,,,,,,,,,,,,,2023
Malik Heath,WR,Mississippi,0,0,https://www.sports-reference.com/cfb/players/malik-heath-1.html,74,213,4.64,,34.0,124.0,6.96,4.46,,,,,,,,,,,,,,,,,,,,,,,,,,,,,,,,,,,,,,,,,,,,,,,,,,,,,2023
DeMarcco Hellams,DB,Alabama,7,224,https://www.sports-reference.com/cfb/players/demarcco-hellams-1.html,73,203,4.57,,31.0,121.0,,,,,,,,,,,,,,,,,,,,,,,,,,,,,,,,,,,,,,,,,,,,,,,,,,,,,,,2023
Daiyan Henley,LB,Washington St.,3,85,https://www.sports-reference.com/cfb/players/daiyan-henley-1.html,73,225,4.54,,35.0,125.0,,,,,,,,,,,,,,,,,,,,,,,,,,,,,,,,,,,,,,,,,,,,,,,,,,,,,,,2023
Nick Herbig,EDGE,Wisconsin,4,132,https://www.sports-reference.com/cfb/players/nick-herbig-1.html,74,240,4.65,25.0,,,,,,,,,,,,,,,,,,,,,,,,,,,,,,,,,,,,,,,,,,,,,,,,,,,,,,,,,2023
Shaka Heyward,LB,Duke,0,0,https://www.sports-reference.com/cfb/players/shaka-heyward-1.html,75,235,4.53,22.0,31.0,116.0,7.32,4.4,,,,,,,,,,,,,,,,,,,,,,,,,,,,,,,,,,,,,,,,,,,,,,,,,,,,,2023
Ronnie Hickman,DB,Ohio St.,0,0,https://www.sports-reference.com/cfb/players/ronnie-hickman-1.html,73,203,,,,,,,,,,,,,,,,,,,,,,,,,,,,,,,,,,,,,,,,,,,,,,,,,,,,,,,,,,,2023
Elijah Higgins,WR,Stanford,6,197,https://www.sports-reference.com/cfb/players/elijah-higgins-1.html,75,235,4.54,,35.0,126.0,7.01,,,,,,,,,,,,,,,,,,,,,,,,,,,,,,,,,,,,,,,,,,,,,,,,,,,,,,2023
Brandon Hill,DB,Pittsburgh,7,248,https://www.sports-reference.com/cfb/players/brandon-hill-4.html,70,193,4.43,15.0,35.5,123.0,,,,,,,,,,,,,,,,,,,,,,,,,,,,,,,,,,,,,,,,,,,,,,,,,,,,,,,2023
Tre'Vius Hodges-Tomlinson,CB,TCU,6,182,https://www.sports-reference.com/cfb/players/trevius-hodges-tomlinson-1.html,68,178,4.41,12.0,39.0,132.0,,,,,,,,,,,,,,,,,,,,,,,,,,,,,,,,,,,,,,,,,,,,,,,,,,,,,,,2023
Hendon Hooker,QB,Tennessee,3,68,https://www.sports-reference.com/cfb/players/hendon-hooker-1.html,75,217,,,,,,,,,,,,,,,,,,,,,,,,,,,,,,,,,,,,,,,,,,,,,,,,,,,,,,,,,,,2023
Dylan Horton,EDGE,TCU,4,109,https://www.sports-reference.com/cfb/players/dylan-horton-1.html,76,257,,18.0,34.0,120.0,,,,,,,,,,,,,,,,,,,,,,,,,,,,,,,,,,,,,,,,,,,,,,,,,,,,,,,2023
Jordan Howden,DB,Minnesota,5,146,https://www.sports-reference.com/cfb/players/jordan-howden-1.html,72,203,4.49,14.0,33.5,119.0,,,,,,,,,,,,,,,,,,,,,,,,,,,,,,,,,,,,,,,,,,,,,,,,,,,,,,,2023
Evan Hull,RB,Northwestern,0,0,https://www.sports-reference.com/cfb/players/evan-hull-2.html,70,209,4.47,,37.0,123.0,6.9,4.38,,,,,,,,,,,,,,,,,,,,,,,,,,,,,,,,,,,,,,,,,,,,,,,,,,,,,2023
Xavier Hutchinson,WR,Iowa St.,6,205,https://www.sports-reference.com/cfb/players/xavier-hutchinson-1.html,74,203,4.53,,36.0,116.0,6.91,4.35,,,,,,,,,,,,,,,,,,,,,,,,,,,,,,,,,,,,,,,,,,,,,,,,,,,,,2023
Jalin Hyatt,WR,Tennessee,3,73,https://www.sports-reference.com/cfb/players/jalin-hyatt-1.html,72,176,4.4,,40.0,135.0,,,,,,,,,,,,,,,,,,,,,,,,,,,,,,,,,,,,,,,,,,,,,,,,,,,,,,,2023
Mohamed Ibrahim,RB,Minnesota,0,0,https://www.sports-reference.com/cfb/players/mohamed-ibrahim-1.html,68,203,,,,,,,,,,,,,,,,,,,,,,,,,,,,,,,,,,,,,,,,,,,,,,,,,,,,,,,,,,,2023
Andre Carter II,EDGE,Army,0,0,https://www.sports-reference.com/cfb/players/andre-carter-ii-1.html,79,256,,11.0,30.0,109.0,,4.36,,,,,,,,,,,,,,,,,,,,,,,,,,,,,,,,,,,,,,,,,,,,,,,,,,,,,2023
Jason Taylor II,DB,Oklahoma St.,0,0,https://www.sports-reference.com/cfb/players/jason-taylor-ii-1.html,72,204,4.5,14.0,43.0,129.0,,,,,,,,,,,,,,,,,,,,,,,,,,,,,,,,,,,,,,,,,,,,,,,,,,,,,,,2023
Rashad Torrence II,DB,Florida,0,0,https://www.sports-reference.com/cfb/players/rashad-torrence-ii-1.html,72,193,4.72,20.0,33.5,119.0,,,,,,,,,,,,,,,,,,,,,,,,,,,,,,,,,,,,,,,,,,,,,,,,,,,,,,,2023
Trey Dean III,DB,Florida,0,0,https://www.sports-reference.com/cfb/players/trey-dean-iii-1.html,74,200,4.75,25.0,36.5,124.0,,,,,,,,,,,,,,,,,,,,,,,,,,,,,,,,,,,,,,,,,,,,,,,,,,,,,,,2023
Clark Phillips III,CB,Utah,4,113,https://www.sports-reference.com/cfb/players/clark-phillips-iii-1.html,69,184,4.51,18.0,33.0,,,4.32,,,,,,,,,,,,,,,,,,,,,,,,,,,,,,,,,,,,,,,,,,,,,,,,,,,,,2023
Siaki Ika,DT,Baylor,3,98,https://www.sports-reference.com/cfb/players/siaki-ika-1.html,75,335,5.39,,,,7.8,4.99,,,,,,,,,,,,,,,,,,,,,,,,,,,,,,,,,,,,,,,,,,,,,,,,,,,,,2023
Thomas Incoom,EDGE,Central Michigan,0,0,https://www.sports-reference.com/cfb/players/thomas-incoom-1.html,74,262,4.66,23.0,30.5,118.0,,,,,,,,,,,,,,,,,,,,,,,,,,,,,,,,,,,,,,,,,,,,,,,,,,,,,,,2023
Kearis Jackson,WR,Georgia,0,0,https://www.sports-reference.com/cfb/players/kearis-jackson-1.html,71,196,4.55,,,126.0,,,,,,,,,,,,,,,,,,,,,,,,,,,,,,,,,,,,,,,,,,,,,,,,,,,,,,,2023
Rakim Jarrett,WR,Maryland,0,0,https://www.sports-reference.com/cfb/players/rakim-jarrett-1.html,72,192,4.44,13.0,35.5,123.0,,,,,,,,,,,,,,,,,,,,,,,,,,,,,,,,,,,,,,,,,,,,,,,,,,,,,,,2023
Jaray Jenkins,WR,LSU,0,0,https://www.sports-reference.com/cfb/players/jaray-jenkins-1.html,74,204,4.6,20.0,29.5,,,,,,,,,,,,,,,,,,,,,,,,,,,,,,,,,,,,,,,,,,,,,,,,,,,,,,,,2023
Anthony Johnson,CB,Virginia,0,0,https://www.sports-reference.com/cfb/players/anthony-johnson-14.html,74,205,4.63,15.0,30.5,116.0,,,,,,,,,,,,,,,,,,,,,,,,,,,,,,,,,,,,,,,,,,,,,,,,,,,,,,,2023
Antonio Johnson,DB,Texas A&M,5,160,https://www.sports-reference.com/cfb/players/antonio-johnson-6.html,74,198,4.52,8.0,31.0,118.0,,,,,,,,,,,,,,,,,,,,,,,,,,,,,,,,,,,,,,,,,,,,,,,,,,,,,,,2023
Roschon Johnson,RB,Texas,4,115,https://www.sports-reference.com/cfb/players/roschon-johnson-1.html,72,219,4.58,,31.5,122.0,,,,,,,,,,,,,,,,,,,,,,,,,,,,,,,,,,,,,,,,,,,,,,,,,,,,,,,2023
Quentin Johnston,WR,TCU,1,21,https://www.sports-reference.com/cfb/players/quentin-johnston-1.html,75,208,,,40.5,134.0,,,,,,,,,,,,,,,,,,,,,,,,,,,,,,,,,,,,,,,,,,,,,,,,,,,,,,,2023
Broderick Jones,OT,Georgia,1,14,https://www.sports-reference.com/cfb/players/broderick-jones-1.html,77,311,4.97,,30.0,108.0,,,,,,,,,,,,,,,,,,,,,,,,,,,,,,,,,,,,,,,,,,,,,,,,,,,,,,,2023
Cam Jones,LB,Indiana,0,0,https://www.sports-reference.com/cfb/players/cam-jones-1.html,73,226,4.69,17.0,33.0,,,,,,,,,,,,,,,,,,,,,,,,,,,,,,,,,,,,,,,,,,,,,,,,,,,,,,,,2023
Charlie Jones,WR,Purdue,4,131,https://www.sports-reference.com/cfb/players/charlie-jones-7.html,71,175,4.43,13.0,36.5,124.0,,,,,,,,,,,,,,,,,,,,,,,,,,,,,,,,,,,,,,,,,,,,,,,,,,,,,,,2023
Dawand Jones,OT,Ohio St.,4,111,https://www.sports-reference.com/cfb/players/dawand-jones-1.html,80,374,5.35,,,,,,,,,,,,,,,,,,,,,,,,,,,,,,,,,,,,,,,,,,,,,,,,,,,,,,,,,,2023
Jaylon Jones,CB,Texas A&M,7,221,https://www.sports-reference.com/cfb/players/jaylon-jones-3.html,74,200,4.57,14.0,38.0,122.0,6.88,4.3,,,,,,,,,,,,,,,,,,,,,,,,,,,,,,,,,,,,,,,,,,,,,,,,,,,,,2023
Nic Jones,CB,Ball St.,7,250,https://www.sports-reference.com/cfb/players/nic-jones-1.html,72,189,4.51,,34.5,122.0,,4.34,,,,,,,,,,,,,,,,,,,,,,,,,,,,,,,,,,,,,,,,,,,,,,,,,,,,,2023
Tyreque Jones,DB,Boise St.,0,0,https://www.sports-reference.com/cfb/players/tyreque-jones-1.html,74,195,4.52,,32.0,119.0,,4.48,,,,,,,,,,,,,,,,,,,,,,,,,,,,,,,,,,,,,,,,,,,,,,,,,,,,,2023
Brandon Joseph,DB,Notre Dame,0,0,https://www.sports-reference.com/cfb/players/brandon-joseph-2.html,72,202,4.62,17.0,30.5,118.0,7.08,4.23,,,,,,,,,,,,,,,,,,,,,,,,,,,,,,,,,,,,,,,,,,,,,,,,,,,,,2023
Anthony Johnson Jr.,DB,Iowa St.,0,0,https://www.sports-reference.com/cfb/players/anthony-johnson-15.html,72,205,4.54,,37.5,125.0,,,,,,,,,,,,,,,,,,,,,,,,,,,,,,,,,,,,,,,,,,,,,,,,,,,,,,,2023
Will Anderson Jr.,EDGE,Alabama,1,3,https://www.sports-reference.com/cfb/players/will-anderson-jr-1.html,76,253,4.6,,,,,,,,,,,,,,,,,,,,,,,,,,,,,,,,,,,,,,,,,,,,,,,,,,,,,,,,,,2023
Earl Bostick Jr.,OT,Kansas,0,0,https://www.sports-reference.com/cfb/players/earl-bostick-jr-1.html,78,309,5.05,,31.0,111.0,,,,,,,,,,,,,,,,,,,,,,,,,,,,,,,,,,,,,,,,,,,,,,,,,,,,,,,2023
Dontay Demus Jr.,WR,Maryland,0,0,https://www.sports-reference.com/cfb/players/dontay-demus-1.html,75,212,4.57,,35.5,123.0,,4.39,,,,,,,,,,,,,,,,,,,,,,,,,,,,,,,,,,,,,,,,,,,,,,,,,,,,,2023
Emil Ekiyor Jr.,OG,Alabama,0,0,https://www.sports-reference.com/cfb/players/emil-ekiyor-jr-1.html,75,314,,,,,,,,,,,,,,,,,,,,,,,,,,,,,,,,,,,,,,,,,,,,,,,,,,,,,,,,,,,2023
Paris Johnson Jr.,OT,Ohio St.,1,6,https://www.sports-reference.com/cfb/players/paris-johnson-jr-1.html,78,313,,,,110.0,,,,,,,,,,,,,,,,,,,,,,,,,,,,,,,,,,,,,,,,,,,,,,,,,,,,,,,2023
Darrell Luter Jr.,CB,South Alabama,5,155,https://www.sports-reference.com/cfb/players/darrell-luter-jr-1.html,72,189,4.46,,40.5,123.0,6.9,4.43,,,,,,,,,,,,,,,,,,,,,,,,,,,,,,,,,,,,,,,,,,,,,,,,,,,,,2023
Ivan Pace Jr.,LB,Cincinnati,0,0,https://www.sports-reference.com/cfb/players/ivan-pace-jr-1.html,71,231,,,,,,,,,,,,,,,,,,,,,,,,,,,,,,,,,,,,,,,,,,,,,,,,,,,,,,,,,,,2023
Joey Porter Jr.,CB,Penn St.,2,32,https://www.sports-reference.com/cfb/players/joey-porter-jr-1.html,75,193,4.46,17.0,35.0,129.0,,,,,,,,,,,,,,,,,,,,,,,,,,,,,,,,,,,,,,,,,,,,,,,,,,,,,,,2023
Calijah Kancey,DT,Pittsburgh,1,19,https://www.sports-reference.com/cfb/players/calijah-kancey-1.html,73,281,4.67,,,,,,,,,,,,,,,,,,,,,,,,,,,,,,,,,,,,,,,,,,,,,,,,,,,,,,,,,,2023
Kyu Blu Kelly,CB,Stanford,0,0,https://www.sports-reference.com/cfb/players/kyu-blu-kelly-1.html,72,191,4.52,,36.0,131.0,,,,,,,,,,,,,,,,,,,,,,,,,,,,,,,,,,,,,,,,,,,,,,,,,,,,,,,2023
Dalton Kincaid,TE,Utah,1,25,https://www.sports-reference.com/cfb/players/dalton-kincaid-1.html,76,246,,,,,,,,,,,,,,,,,,,,,,,,,,,,,,,,,,,,,,,,,,,,,,,,,,,,,,,,,,,2023
Jaxson Kirkland,OG,Washington,0,0,https://www.sports-reference.com/cfb/players/jaxson-kirkland-1.html,79,321,,,,,,,,,,,,,,,,,,,,,,,,,,,,,,,,,,,,,,,,,,,,,,,,,,,,,,,,,,,2023
Malik Knowles,WR,Kansas St.,0,0,https://www.sports-reference.com/cfb/players/malik-knowles-1.html,74,196,,,,,,,,,,,,,,,,,,,,,,,,,,,,,,,,,,,,,,,,,,,,,,,,,,,,,,,,,,,2023
Adam Korsak,P,Rutgers,0,0,https://www.sports-reference.com/cfb/players/adam-korsak-1.html,73,187,,,,,,,,,,,,,,,,,,,,,,,,,,,,,,,,,,,,,,,,,,,,,,,,,,,,,,,,,,,2023
Tyler Lacy,DE,Oklahoma St.,4,130,https://www.sports-reference.com/cfb/players/tyler-lacy-1.html,76,279,5.11,30.0,28.5,116.0,7.6,,,,,,,,,,,,,,,,,,,,,,,,,,,,,,,,,,,,,,,,,,,,,,,,,,,,,,2023
Matt Landers,WR,Arkansas,0,0,https://www.sports-reference.com/cfb/players/matt-landers-1.html,76,200,4.37,,37.0,130.0,,,,,,,,,,,,,,,,,,,,,,,,,,,,,,,,,,,,,,,,,,,,,,,,,,,,,,,2023
Sam LaPorta,TE,Iowa,2,34,https://www.sports-reference.com/cfb/players/sam-laporta-1.html,75,245,,,35.0,123.0,6.91,4.25,,,,,,,,,,,,,,,,,,,,,,,,,,,,,,,,,,,,,,,,,,,,,,,,,,,,,2023
Cameron Latu,TE,Alabama,3,101,https://www.sports-reference.com/cfb/players/cameron-latu-1.html,76,242,,,,,,,,,,,,,,,,,,,,,,,,,,,,,,,,,,,,,,,,,,,,,,,,,,,,,,,,,,,2023
Will Levis,QB,Kentucky,2,33,https://www.sports-reference.com/cfb/players/will-levis-1.html,76,229,,,34.0,124.0,,,,,,,,,,,,,,,,,,,,,,,,,,,,,,,,,,,,,,,,,,,,,,,,,,,,,,,2023
Will Mallory,TE,Miami,5,162,https://www.sports-reference.com/cfb/players/will-mallory-1.html,77,239,,20.0,36.5,121.0,,,,,,,,,,,,,,,,,,,,,,,,,,,,,,,,,,,,,,,,,,,,,,,,,,,,,,,2023
Tashawn Manning,OG,Kentucky,0,0,https://www.sports-reference.com/cfb/players/tashawn-manning-1.html,75,327,5.34,,27.5,102.0,7.9,4.8,,,,,,,,,,,,,,,,,,,,,,,,,,,,,,,,,,,,,,,,,,,,,,,,,,,,,2023
Jartavius Martin,DB,Illinois,2,47,https://www.sports-reference.com/cfb/players/jartavius-martin-1.html,71,194,4.46,15.0,44.0,133.0,,,,,,,,,,,,,,,,,,,,,,,,,,,,,,,,,,,,,,,,,,,,,,,,,,,,,,,2023
Ochaun Mathis,EDGE,Nebraska,6,189,https://www.sports-reference.com/cfb/players/ochaun-mathis-1.html,77,250,4.74,21.0,33.5,118.0,,4.38,,,,,,,,,,,,,,,,,,,,,,,,,,,,,,,,,,,,,,,,,,,,,,,,,,,,,2023
Michael Mayer,TE,Notre Dame,2,35,https://www.sports-reference.com/cfb/players/michael-mayer-1.html,77,249,,,32.5,118.0,,,,,,,,,,,,,,,,,,,,,,,,,,,,,,,,,,,,,,,,,,,,,,,,,,,,,,,2023
Warren McClendon,OT,Georgia,5,174,https://www.sports-reference.com/cfb/players/warren-mcclendon-1.html,76,306,,,,,,,,,,,,,,,,,,,,,,,,,,,,,,,,,,,,,,,,,,,,,,,,,,,,,,,,,,,2023
Jordan McFadden,OG,Clemson,5,156,https://www.sports-reference.com/cfb/players/jordan-mcfadden-1.html,74,303,4.99,,28.5,,7.7,4.81,,,,,,,,,,,,,,,,,,,,,,,,,,,,,,,,,,,,,,,,,,,,,,,,,,,,,2023
Isaiah McGuire,DE,Missouri,4,126,https://www.sports-reference.com/cfb/players/isaiah-mcguire-1.html,76,268,4.76,,36.5,122.0,7.39,,,,,,,,,,,,,,,,,,,,,,,,,,,,,,,,,,,,,,,,,,,,,,,,,,,,,,2023
Kenny McIntosh,RB,Georgia,7,237,https://www.sports-reference.com/cfb/players/kenny-mcintosh-1.html,72,204,4.62,,,,,,,,,,,,,,,,,,,,,,,,,,,,,,,,,,,,,,,,,,,,,,,,,,,,,,,,,,2023
Tanner McKee,QB,Stanford,6,188,https://www.sports-reference.com/cfb/players/tanner-mckee-1.html,78,231,,,33.0,114.0,7.22,4.41,,,,,,,,,,,,,,,,,,,,,,,,,,,,,,,,,,,,,,,,,,,,,,,,,,,,,2023
Kaevon Merriweather,DB,Iowa,0,0,https://www.sports-reference.com/cfb/players/kaevon-merriweather-1.html,72,205,4.62,,35.5,118.0,,,,,,,,,,,,,,,,,,,,,,,,,,,,,,,,,,,,,,,,,,,,,,,,,,,,,,,2023
Kendre Miller,RB,TCU,3,71,https://www.sports-reference.com/cfb/players/kendre-miller-1.html,71,215,,,,,,,,,,,,,,,,,,,,,,,,,,,,,,,,,,,,,,,,,,,,,,,,,,,,,,,,,,,2023
Ventrell Miller,LB,Florida,4,121,https://www.sports-reference.com/cfb/players/ventrell-miller-1.html,72,232,,,,,,,,,,,,,,,,,,,,,,,,,,,,,,,,,,,,,,,,,,,,,,,,,,,,,,,,,,,2023
Marvin Mims,WR,Oklahoma,2,63,https://www.sports-reference.com/cfb/players/marvin-mims-1.html,71,183,4.38,,39.5,129.0,6.9,,,,,,,,,,,,,,,,,,,,,,,,,,,,,,,,,,,,,,,,,,,,,,,,,,,,,,2023
Jonathan Mingo,WR,Mississippi,2,39,https://www.sports-reference.com/cfb/players/jonathan-mingo-1.html,74,220,4.46,22.0,39.5,129.0,,,,,,,,,,,,,,,,,,,,,,,,,,,,,,,,,,,,,,,,,,,,,,,,,,,,,,,2023
Cameron Mitchell,CB,Northwestern,5,142,https://www.sports-reference.com/cfb/players/cameron-mitchell-2.html,71,191,4.47,15.0,35.0,,,,,,,,,,,,,,,,,,,,,,,,,,,,,,,,,,,,,,,,,,,,,,,,,,,,,,,,2023
Keaton Mitchell,RB,East Carolina,0,0,https://www.sports-reference.com/cfb/players/keaton-mitchell-1.html,68,179,4.37,,38.0,126.0,,,,,,,,,,,,,,,,,,,,,,,,,,,,,,,,,,,,,,,,,,,,,,,,,,,,,,,2023
Jake Moody,K,Michigan,3,99,https://www.sports-reference.com/cfb/players/jake-moody-1.html,73,209,,,,,,,,,,,,,,,,,,,,,,,,,,,,,,,,,,,,,,,,,,,,,,,,,,,,,,,,,,,2023
Isaiah Moore,LB,North Carolina St.,0,0,https://www.sports-reference.com/cfb/players/isaiah-moore-1.html,74,233,,26.0,,,,,,,,,,,,,,,,,,,,,,,,,,,,,,,,,,,,,,,,,,,,,,,,,,,,,,,,,2023
Mike Morris,DE,Michigan,5,151,https://www.sports-reference.com/cfb/players/mike-morris-5.html,77,275,4.95,22.0,28.5,110.0,,,,,,,,,,,,,,,,,,,,,,,,,,,,,,,,,,,,,,,,,,,,,,,,,,,,,,,2023
Wanya Morris,OT,Oklahoma,3,92,https://www.sports-reference.com/cfb/players/wanya-morris-1.html,77,307,5.1,,28.5,111.0,,,,,,,,,,,,,,,,,,,,,,,,,,,,,,,,,,,,,,,,,,,,,,,,,,,,,,,2023
Riley Moss,CB,Iowa,3,83,https://www.sports-reference.com/cfb/players/riley-moss-1.html,73,193,4.45,,39.0,127.0,,,,,,,,,,,,,,,,,,,,,,,,,,,,,,,,,,,,,,,,,,,,,,,,,,,,,,,2023
Myles Murphy,EDGE,Clemson,1,28,https://www.sports-reference.com/cfb/players/myles-murphy-1.html,77,268,,25.0,,,,,,,,,,,,,,,,,,,,,,,,,,,,,,,,,,,,,,,,,,,,,,,,,,,,,,,,,2023
Luke Musgrave,TE,Oregon St.,2,42,https://www.sports-reference.com/cfb/players/luke-musgrave-1.html,78,253,,,36.0,125.0,,,,,,,,,,,,,,,,,,,,,,,,,,,,,,,,,,,,,,,,,,,,,,,,,,,,,,,2023
PJ Mustipher,DT,Penn St.,0,0,https://www.sports-reference.com/cfb/players/pj-mustipher-1.html,76,320,5.41,19.0,27.5,96.0,8.01,5.03,,,,,,,,,,,,,,,,,,,,,,,,,,,,,,,,,,,,,,,,,,,,,,,,,,,,,2023
Puka Nacua,WR,BYU,5,177,https://www.sports-reference.com/cfb/players/puka-nacua-1.html,74,201,,,,,,,,,,,,,,,,,,,,,,,,,,,,,,,,,,,,,,,,,,,,,,,,,,,,,,,,,,,2023
Lukas Van Ness,EDGE,Iowa,0,0,https://www.sports-reference.com/cfb/players/lukas-van-ness-1.html,77,272,4.58,17.0,31.0,118.0,7.02,4.32,,,,,,,,,,,,,,,,,,,,,,,,,,,,,,,,,,,,,,,,,,,,,,,,,,,,,2023
Joseph Ngata,WR,Clemson,0,0,https://www.sports-reference.com/cfb/players/joseph-ngata-1.html,75,217,4.54,,34.5,124.0,,,,,,,,,,,,,,,,,,,,,,,,,,,,,,,,,,,,,,,,,,,,,,,,,,,,,,,2023
Aidan O'Connell,QB,Purdue,4,135,https://www.sports-reference.com/cfb/players/aidan-oconnell-1.html,75,213,,,,,,,,,,,,,,,,,,,,,,,,,,,,,,,,,,,,,,,,,,,,,,,,,,,,,,,,,,,2023
Moro Ojomo,DT,Texas,7,249,https://www.sports-reference.com/cfb/players/moro-ojomo-1.html,75,292,5.04,29.0,33.0,112.0,,,,,,,,,,,,,,,,,,,,,,,,,,,,,,,,,,,,,,,,,,,,,,,,,,,,,,,2023
John Ojukwu,OT,Boise St.,0,0,https://www.sports-reference.com/cfb/players/john-ojukwu-1.html,78,309,5.24,,28.5,104.0,7.52,4.52,,,,,,,,,,,,,,,,,,,,,,,,,,,,,,,,,,,,,,,,,,,,,,,,,,,,,2023
BJ Ojulari,EDGE,LSU,2,41,https://www.sports-reference.com/cfb/players/bj-ojulari-1.html,74,248,,,32.5,126.0,,,,,,,,,,,,,,,,,,,,,,,,,,,,,,,,,,,,,,,,,,,,,,,,,,,,,,,2023
Anfernee Orji,LB,Vanderbilt,0,0,https://www.sports-reference.com/cfb/players/anfernee-orji-1.html,73,230,4.53,,38.5,122.0,7.0,4.43,,,,,,,,,,,,,,,,,,,,,,,,,,,,,,,,,,,,,,,,,,,,,,,,,,,,,2023
DeMarvion Overshown,LB,Texas,3,90,https://www.sports-reference.com/cfb/players/demarvion-overshown-1.html,75,229,4.56,15.0,,124.0,,,,,,,,,,,,,,,,,,,,,,,,,,,,,,,,,,,,,,,,,,,,,,,,,,,,,,,2023
Gervarrius Owens,DB,Houston,7,254,https://www.sports-reference.com/cfb/players/gervarrius-owens-1.html,72,195,,15.0,37.5,125.0,,,,,,,,,,,,,,,,,,,,,,,,,,,,,,,,,,,,,,,,,,,,,,,,,,,,,,,2023
Trey Palmer,WR,Nebraska,6,191,https://www.sports-reference.com/cfb/players/trey-palmer-1.html,72,192,4.33,,,,,,,,,,,,,,,,,,,,,,,,,,,,,,,,,,,,,,,,,,,,,,,,,,,,,,,,,,2023
Owen Pappoe,LB,Auburn,5,168,https://www.sports-reference.com/cfb/players/owen-pappoe-1.html,72,225,4.39,29.0,35.5,126.0,,,,,,,,,,,,,,,,,,,,,,,,,,,,,,,,,,,,,,,,,,,,,,,,,,,,,,,2023
Jarrett Patterson,C,Notre Dame,6,201,https://www.sports-reference.com/cfb/players/jarrett-patterson-1.html,77,306,5.33,,29.5,106.0,7.96,4.73,,,,,,,,,,,,,,,,,,,,,,,,,,,,,,,,,,,,,,,,,,,,,,,,,,,,,2023
Kyle Patterson,TE,Air Force,0,0,https://www.sports-reference.com/cfb/players/kyle-patterson-1.html,77,260,,,,,,,,,,,,,,,,,,,,,,,,,,,,,,,,,,,,,,,,,,,,,,,,,,,,,,,,,,,2023
Camerun Peoples,RB,Appalachian St.,0,0,https://www.sports-reference.com/cfb/players/camerun-peoples-1.html,73,217,4.61,,37.0,121.0,,,,,,,,,,,,,,,,,,,,,,,,,,,,,,,,,,,,,,,,,,,,,,,,,,,,,,,2023
A.T. Perry,WR,Wake Forest,6,195,https://www.sports-reference.com/cfb/players/at-perry-1.html,76,198,4.47,,35.0,133.0,,,,,,,,,,,,,,,,,,,,,,,,,,,,,,,,,,,,,,,,,,,,,,,,,,,,,,,2023
Lonnie Phelps,EDGE,Kansas,0,0,https://www.sports-reference.com/cfb/players/lonnie-phelps-1.html,74,244,4.55,31.0,,,,,,,,,,,,,,,,,,,,,,,,,,,,,,,,,,,,,,,,,,,,,,,,,,,,,,,,,2023
Zacch Pickens,DT,South Carolina,3,64,https://www.sports-reference.com/cfb/players/zacch-pickens-1.html,76,291,4.89,22.0,30.5,116.0,7.45,4.62,,,,,,,,,,,,,,,,,,,,,,,,,,,,,,,,,,,,,,,,,,,,,,,,,,,,,2023
Jack Podlesny,K,Georgia,0,0,https://www.sports-reference.com/cfb/players/jack-podlesny-1.html,72,194,,,,,,,,,,,,,,,,,,,,,,,,,,,,,,,,,,,,,,,,,,,,,,,,,,,,,,,,,,,2023
B.T. Potter,K,Clemson,0,0,https://www.sports-reference.com/cfb/players/bt-potter-1.html,70,185,,,,,,,,,,,,,,,,,,,,,,,,,,,,,,,,,,,,,,,,,,,,,,,,,,,,,,,,,,,2023
Deneric Prince,RB,Tulsa,0,0,https://www.sports-reference.com/cfb/players/deneric-prince-1.html,72,216,4.41,,35.5,124.0,,,,,,,,,,,,,,,,,,,,,,,,,,,,,,,,,,,,,,,,,,,,,,,,,,,,,,,2023
Jalen Redmond,DT,Oklahoma,0,0,https://www.sports-reference.com/cfb/players/jalen-redmond-1.html,74,291,4.81,27.0,34.5,116.0,7.3,4.51,,,,,,,,,,,,,,,,,,,,,,,,,,,,,,,,,,,,,,,,,,,,,,,,,,,,,2023
Jayden Reed,WR,Michigan St.,2,50,https://www.sports-reference.com/cfb/players/jayden-reed-1.html,71,187,4.45,,33.5,121.0,,4.29,,,,,,,,,,,,,,,,,,,,,,,,,,,,,,,,,,,,,,,,,,,,,,,,,,,,,2023
Rashee Rice,WR,SMU,2,55,https://www.sports-reference.com/cfb/players/rashee-rice-1.html,73,204,4.51,,41.0,128.0,,,,,,,,,,,,,,,,,,,,,,,,,,,,,,,,,,,,,,,,,,,,,,,,,,,,,,,2023
Asim Richards,OT,North Carolina,5,169,https://www.sports-reference.com/cfb/players/asim-richards-1.html,76,309,,,,,,,,,,,,,,,,,,,,,,,,,,,,,,,,,,,,,,,,,,,,,,,,,,,,,,,,,,,2023
Anthony Richardson,QB,Florida,1,4,https://www.sports-reference.com/cfb/players/anthony-richardson-2.html,76,244,4.43,,40.5,129.0,,,,,,,,,,,,,,,,,,,,,,,,,,,,,,,,,,,,,,,,,,,,,,,,,,,,,,,2023
Eli Ricks,CB,Alabama,0,0,https://www.sports-reference.com/cfb/players/eli-ricks-1.html,74,188,,,,,,,,,,,,,,,,,,,,,,,,,,,,,,,,,,,,,,,,,,,,,,,,,,,,,,,,,,,2023
Kelee Ringo,CB,Georgia,4,105,https://www.sports-reference.com/cfb/players/kelee-ringo-1.html,74,207,4.36,,33.5,122.0,,,,,,,,,,,,,,,,,,,,,,,,,,,,,,,,,,,,,,,,,,,,,,,,,,,,,,,2023
Brad Robbins,P,Michigan,0,0,https://www.sports-reference.com/cfb/players/brad-robbins-1.html,73,199,,,,,,,,,,,,,,,,,,,,,,,,,,,,,,,,,,,,,,,,,,,,,,,,,,,,,,,,,,,2023
Tavius Robinson,EDGE,Mississippi,0,0,https://www.sports-reference.com/cfb/players/tavius-robinson-1.html,78,257,4.66,23.0,33.5,120.0,,4.62,,,,,,,,,,,,,,,,,,,,,,,,,,,,,,,,,,,,,,,,,,,,,,,,,,,,,2023
Bijan Robinson,RB,Texas,1,8,https://www.sports-reference.com/cfb/players/bijan-robinson-1.html,71,215,4.46,,37.0,124.0,,,,,,,,,,,,,,,,,,,,,,,,,,,,,,,,,,,,,,,,,,,,,,,,,,,,,,,2023
Jammie Robinson,DB,Florida St.,5,145,https://www.sports-reference.com/cfb/players/jammie-robinson-1.html,71,191,4.59,23.0,33.5,116.0,,,,,,,,,,,,,,,,,,,,,,,,,,,,,,,,,,,,,,,,,,,,,,,,,,,,,,,2023
Jaquelin Roy,DT,LSU,5,141,https://www.sports-reference.com/cfb/players/jaquelin-roy-1.html,75,305,,30.0,,,8.01,5.0,,,,,,,,,,,,,,,,,,,,,,,,,,,,,,,,,,,,,,,,,,,,,,,,,,,,,2023
Darius Rush,CB,South Carolina,5,138,https://www.sports-reference.com/cfb/players/darius-rush-1.html,74,198,4.36,,35.0,121.0,,,,,,,,,,,,,,,,,,,,,,,,,,,,,,,,,,,,,,,,,,,,,,,,,,,,,,,2023
Chad Ryland,K,Maryland,4,112,https://www.sports-reference.com/cfb/players/chad-ryland-1.html,72,190,,,,,,,,,,,,,,,,,,,,,,,,,,,,,,,,,,,,,,,,,,,,,,,,,,,,,,,,,,,2023
Drew Sanders,LB,Arkansas,3,67,https://www.sports-reference.com/cfb/players/drew-sanders-1.html,76,235,,,,,,,,,,,,,,,,,,,,,,,,,,,,,,,,,,,,,,,,,,,,,,,,,,,,,,,,,,,2023
John Michael Schmitz,C,Minnesota,0,0,https://www.sports-reference.com/cfb/players/john-michael-schmitz-1.html,76,301,5.35,,29.5,104.0,,4.56,,,,,,,,,,,,,,,,,,,,,,,,,,,,,,,,,,,,,,,,,,,,,,,,,,,,,2023
Luke Schoonmaker,TE,Michigan,2,58,https://www.sports-reference.com/cfb/players/luke-schoonmaker-1.html,77,251,,,33.5,127.0,,4.27,,,,,,,,,,,,,,,,,,,,,,,,,,,,,,,,,,,,,,,,,,,,,,,,,,,,,2023
Daniel Scott,DB,California,5,158,https://www.sports-reference.com/cfb/players/daniel-scott-1.html,73,208,4.45,22.0,39.5,128.0,6.75,4.17,,,,,,,,,,,,,,,,,,,,,,,,,,,,,,,,,,,,,,,,,,,,,,,,,,,,,2023
Tyler Scott,WR,Cincinnati,4,133,https://www.sports-reference.com/cfb/players/tyler-scott-3.html,70,177,4.44,,39.5,133.0,,,,,,,,,,,,,,,,,,,,,,,,,,,,,,,,,,,,,,,,,,,,,,,,,,,,,,,2023
Juice Scruggs,C,Penn St.,2,62,https://www.sports-reference.com/cfb/players/juice-scruggs-1.html,75,301,5.22,,32.0,102.0,7.75,4.82,,,,,,,,,,,,,,,,,,,,,,,,,,,,,,,,,,,,,,,,,,,,,,,,,,,,,2023
Noah Sewell,LB,Oregon,5,148,https://www.sports-reference.com/cfb/players/noah-sewell-1.html,74,246,4.64,27.0,33.0,115.0,,,,,,,,,,,,,,,,,,,,,,,,,,,,,,,,,,,,,,,,,,,,,,,,,,,,,,,2023
Justin Shorter,WR,Florida,5,150,https://www.sports-reference.com/cfb/players/justin-shorter-1.html,76,229,4.55,18.0,35.5,126.0,,,,,,,,,,,,,,,,,,,,,,,,,,,,,,,,,,,,,,,,,,,,,,,,,,,,,,,2023
Trenton Simpson,LB,Clemson,3,86,https://www.sports-reference.com/cfb/players/trenton-simpson-1.html,74,235,4.43,25.0,,,,,,,,,,,,,,,,,,,,,,,,,,,,,,,,,,,,,,,,,,,,,,,,,,,,,,,,,2023
JL Skinner,DB,Boise St.,6,183,https://www.sports-reference.com/cfb/players/jl-skinner-1.html,76,209,,,,,,,,,,,,,,,,,,,,,,,,,,,,,,,,,,,,,,,,,,,,,,,,,,,,,,,,,,,2023
Peter Skoronski,OT,Northwestern,1,11,https://www.sports-reference.com/cfb/players/peter-skoronski-1.html,76,313,5.16,,34.5,115.0,7.8,,,,,,,,,,,,,,,,,,,,,,,,,,,,,,,,,,,,,,,,,,,,,,,,,,,,,,2023
Terell Smith,CB,Minnesota,0,0,https://www.sports-reference.com/cfb/players/terell-smith-1.html,73,204,4.41,14.0,34.0,120.0,7.02,4.3,,,,,,,,,,,,,,,,,,,,,,,,,,,,,,,,,,,,,,,,,,,,,,,,,,,,,2023
Cam Smith,CB,South Carolina,2,51,https://www.sports-reference.com/cfb/players/cam-smith-3.html,73,180,4.43,,38.0,134.0,,,,,,,,,,,,,,,,,,,,,,,,,,,,,,,,,,,,,,,,,,,,,,,,,,,,,,,2023
Christopher Smith,DB,Georgia,5,170,https://www.sports-reference.com/cfb/players/christopher-smith-1.html,71,192,4.62,15.0,33.0,116.0,,,,,,,,,,,,,,,,,,,,,,,,,,,,,,,,,,,,,,,,,,,,,,,,,,,,,,,2023
Mazi Smith,DT,Michigan,1,26,https://www.sports-reference.com/cfb/players/mazi-smith-1.html,75,323,,34.0,,,,,,,,,,,,,,,,,,,,,,,,,,,,,,,,,,,,,,,,,,,,,,,,,,,,,,,,,2023
Nolan Smith,EDGE,Georgia,1,30,https://www.sports-reference.com/cfb/players/nolan-smith-1.html,74,238,4.39,,41.5,128.0,,,,,,,,,,,,,,,,,,,,,,,,,,,,,,,,,,,,,,,,,,,,,,,,,,,,,,,2023
Jaxon Smith-Njigba,WR,Ohio St.,1,20,https://www.sports-reference.com/cfb/players/jaxon-smith-njigba-1.html,73,196,,,35.0,125.0,6.57,3.93,,,,,,,,,,,,,,,,,,,,,,,,,,,,,,,,,,,,,,,,,,,,,,,,,,,,,2023
Tyjae Spears,RB,Tulane,3,81,https://www.sports-reference.com/cfb/players/tyjae-spears-1.html,70,201,,,39.0,125.0,,,,,,,,,,,,,,,,,,,,,,,,,,,,,,,,,,,,,,,,,,,,,,,,,,,,,,,2023
Tyler Steen,OT,Alabama,3,65,https://www.sports-reference.com/cfb/players/tyler-steen-1.html,78,321,,,29.5,109.0,,4.59,,,,,,,,,,,,,,,,,,,,,,,,,,,,,,,,,,,,,,,,,,,,,,,,,,,,,2023
Tyrique Stevenson,CB,Miami,2,56,https://www.sports-reference.com/cfb/players/tyrique-stevenson-1.html,72,198,4.45,,38.5,125.0,7.09,4.41,,,,,,,,,,,,,,,,,,,,,,,,,,,,,,,,,,,,,,,,,,,,,,,,,,,,,2023
Dante Stills,DT,West Virginia,6,213,https://www.sports-reference.com/cfb/players/dante-stills-1.html,76,286,4.85,20.0,28.5,113.0,7.38,4.61,,,,,,,,,,,,,,,,,,,,,,,,,,,,,,,,,,,,,,,,,,,,,,,,,,,,,2023
Brenton Strange,TE,Penn St.,2,61,https://www.sports-reference.com/cfb/players/brenton-strange-1.html,76,253,,23.0,36.0,124.0,7.25,4.46,,,,,,,,,,,,,,,,,,,,,,,,,,,,,,,,,,,,,,,,,,,,,,,,,,,,,2023
Ricky Stromberg,C,Arkansas,3,97,https://www.sports-reference.com/cfb/players/ricky-stromberg-1.html,75,306,5.26,,32.5,111.0,,,,,,,,,,,,,,,,,,,,,,,,,,,,,,,,,,,,,,,,,,,,,,,,,,,,,,,2023
C.J. Stroud,QB,Ohio St.,1,2,https://www.sports-reference.com/cfb/players/cj-stroud-1.html,75,214,,,,,,,,,,,,,,,,,,,,,,,,,,,,,,,,,,,,,,,,,,,,,,,,,,,,,,,,,,,2023
Leonard Taylor,TE,Cincinnati,0,0,https://www.sports-reference.com/cfb/players/leonard-taylor-2.html,77,250,,,,,,,,,,,,,,,,,,,,,,,,,,,,,,,,,,,,,,,,,,,,,,,,,,,,,,,,,,,2023
Noah Taylor,EDGE,North Carolina,0,0,https://www.sports-reference.com/cfb/players/noah-taylor-1.html,76,238,,22.0,,,,,,,,,,,,,,,,,,,,,,,,,,,,,,,,,,,,,,,,,,,,,,,,,,,,,,,,,2023
Charlie Thomas,LB,Georgia Tech,0,0,https://www.sports-reference.com/cfb/players/charlie-thomas-2.html,75,216,4.52,18.0,32.5,124.0,7.09,4.34,,,,,,,,,,,,,,,,,,,,,,,,,,,,,,,,,,,,,,,,,,,,,,,,,,,,,2023
Tavion Thomas,RB,Utah,0,0,https://www.sports-reference.com/cfb/players/tavion-thomas-1.html,72,237,4.74,,30.0,118.0,,,,,,,,,,,,,,,,,,,,,,,,,,,,,,,,,,,,,,,,,,,,,,,,,,,,,,,2023
SaRodorick Thompson,RB,Texas Tech,0,0,https://www.sports-reference.com/cfb/players/sarodorick-thompson-1.html,72,207,4.67,,32.5,120.0,7.25,4.7,,,,,,,,,,,,,,,,,,,,,,,,,,,,,,,,,,,,,,,,,,,,,,,,,,,,,2023
Dorian Thompson-Robinson,QB,UCLA,5,140,https://www.sports-reference.com/cfb/players/dorian-thompson-robinson-1.html,74,203,4.56,,32.5,121.0,7.28,4.44,,,,,,,,,,,,,,,,,,,,,,,,,,,,,,,,,,,,,,,,,,,,,,,,,,,,,2023
Cedric Tillman,WR,Tennessee,3,74,https://www.sports-reference.com/cfb/players/cedric-tillman-1.html,75,213,4.54,,37.0,128.0,,,,,,,,,,,,,,,,,,,,,,,,,,,,,,,,,,,,,,,,,,,,,,,,,,,,,,,2023
Mitchell Tinsley,WR,Penn St.,0,0,https://www.sports-reference.com/cfb/players/mitchell-tinsley-1.html,72,199,4.6,14.0,35.5,120.0,,4.21,,,,,,,,,,,,,,,,,,,,,,,,,,,,,,,,,,,,,,,,,,,,,,,,,,,,,2023
Joe Tippmann,C,Wisconsin,2,43,https://www.sports-reference.com/cfb/players/joe-tippmann-1.html,78,313,,,,,,,,,,,,,,,,,,,,,,,,,,,,,,,,,,,,,,,,,,,,,,,,,,,,,,,,,,,2023
Henry To'oTo'o,LB,Alabama,5,167,https://www.sports-reference.com/cfb/players/henry-tootoo-1.html,73,227,4.62,,32.0,116.0,,4.4,,,,,,,,,,,,,,,,,,,,,,,,,,,,,,,,,,,,,,,,,,,,,,,,,,,,,2023
O'Cyrus Torrence,OG,Florida,2,59,https://www.sports-reference.com/cfb/players/ocyrus-torrence-1.html,77,330,5.31,,23.5,101.0,,4.81,,,,,,,,,,,,,,,,,,,,,,,,,,,,,,,,,,,,,,,,,,,,,,,,,,,,,2023
Cory Trice,CB,Purdue,7,241,https://www.sports-reference.com/cfb/players/cory-trice-1.html,75,206,4.47,17.0,35.5,132.0,,,,,,,,,,,,,,,,,,,,,,,,,,,,,,,,,,,,,,,,,,,,,,,,,,,,,,,2023
Sean Tucker,RB,Syracuse,0,0,https://www.sports-reference.com/cfb/players/sean-tucker-2.html,69,207,,,,,,,,,,,,,,,,,,,,,,,,,,,,,,,,,,,,,,,,,,,,,,,,,,,,,,,,,,,2023
Tre Tucker,WR,Cincinnati,3,100,https://www.sports-reference.com/cfb/players/tre-tucker-1.html,69,182,4.4,,37.5,124.0,,,,,,,,,,,,,,,,,,,,,,,,,,,,,,,,,,,,,,,,,,,,,,,,,,,,,,,2023
Tuli Tuipulotu,EDGE,USC,2,54,https://www.sports-reference.com/cfb/players/tuli-tuipulotu-1.html,75,266,,,,,,,,,,,,,,,,,,,,,,,,,,,,,,,,,,,,,,,,,,,,,,,,,,,,,,,,,,,2023
Clayton Tune,QB,Houston,5,139,https://www.sports-reference.com/cfb/players/clayton-tune-1.html,75,220,4.64,,37.5,122.0,6.89,4.25,,,,,,,,,,,,,,,,,,,,,,,,,,,,,,,,,,,,,,,,,,,,,,,,,,,,,2023
Michael Turk,P,Oklahoma,0,0,https://www.sports-reference.com/cfb/players/michael-turk-1.html,72,227,4.83,,34.0,109.0,,,,,,,,,,,,,,,,,,,,,,,,,,,,,,,,,,,,,,,,,,,,,,,,,,,,,,,2023
DJ Turner,CB,Michigan,2,60,https://www.sports-reference.com/cfb/players/dj-turner-3.html,71,178,4.26,,38.5,131.0,,,,,,,,,,,,,,,,,,,,,,,,,,,,,,,,,,,,,,,,,,,,,,,,,,,,,,,2023
Carrington Valentine,CB,Kentucky,7,232,https://www.sports-reference.com/cfb/players/carrington-valentine-1.html,72,193,,9.0,39.0,128.0,,,,,,,,,,,,,,,,,,,,,,,,,,,,,,,,,,,,,,,,,,,,,,,,,,,,,,,2023
Deuce Vaughn,RB,Kansas St.,6,212,https://www.sports-reference.com/cfb/players/deuce-vaughn-1.html,65,179,,,35.5,116.0,,,,,,,,,,,,,,,,,,,,,,,,,,,,,,,,,,,,,,,,,,,,,,,,,,,,,,,2023
Travis Vokolek,TE,Nebraska,0,0,https://www.sports-reference.com/cfb/players/travis-vokolek-1.html,78,259,,20.0,,115.0,,,,,,,,,,,,,,,,,,,,,,,,,,,,,,,,,,,,,,,,,,,,,,,,,,,,,,,2023
Andrew Vorhees,OG,USC,7,229,https://www.sports-reference.com/cfb/players/andrew-vorhees-1.html,78,310,,,29.0,105.0,,,,,,,,,,,,,,,,,,,,,,,,,,,,,,,,,,,,,,,,,,,,,,,,,,,,,,,2023
Dalton Wagner,OT,Arkansas,0,0,https://www.sports-reference.com/cfb/players/dalton-wagner-1.html,80,320,,,24.5,102.0,,,,,,,,,,,,,,,,,,,,,,,,,,,,,,,,,,,,,,,,,,,,,,,,,,,,,,,2023
Alex Ward,LS,Central Florida,0,0,https://www.sports-reference.com/cfb/players/alex-ward-1.html,76,240,5.06,12.0,30.0,114.0,,4.46,,,,,,,,,,,,,,,,,,,,,,,,,,,,,,,,,,,,,,,,,,,,,,,,,,,,,2023
Jay Ward,CB,LSU,4,134,https://www.sports-reference.com/cfb/players/jay-ward-2.html,73,188,4.55,16.0,34.5,132.0,,,,,,,,,,,,,,,,,,,,,,,,,,,,,,,,,,,,,,,,,,,,,,,,,,,,,,,2023
Carter Warren,OT,Pittsburgh,4,120,https://www.sports-reference.com/cfb/players/carter-warren-1.html,78,311,,,,,,,,,,,,,,,,,,,,,,,,,,,,,,,,,,,,,,,,,,,,,,,,,,,,,,,,,,,2023
Darnell Washington,TE,Georgia,3,93,https://www.sports-reference.com/cfb/players/darnell-washington-1.html,79,264,,21.0,31.0,122.0,,4.08,,,,,,,,,,,,,,,,,,,,,,,,,,,,,,,,,,,,,,,,,,,,,,,,,,,,,2023
Parker Washington,WR,Penn St.,6,185,https://www.sports-reference.com/cfb/players/parker-washington-1.html,70,204,,16.0,,,,,,,,,,,,,,,,,,,,,,,,,,,,,,,,,,,,,,,,,,,,,,,,,,,,,,,,,2023
Jalen Wayne,WR,South Alabama,0,0,https://www.sports-reference.com/cfb/players/jalen-wayne-1.html,74,210,4.51,,34.5,124.0,,,,,,,,,,,,,,,,,,,,,,,,,,,,,,,,,,,,,,,,,,,,,,,,,,,,,,,2023
Tyrus Wheat,EDGE,Mississippi St.,0,0,https://www.sports-reference.com/cfb/players/tyrus-wheat-1.html,74,263,4.65,,28.5,113.0,,4.54,,,,,,,,,,,,,,,,,,,,,,,,,,,,,,,,,,,,,,,,,,,,,,,,,,,,,2023
Keion White,EDGE,Georgia Tech,2,46,https://www.sports-reference.com/cfb/players/keion-white-1.html,77,285,,30.0,34.0,117.0,,,,,,,,,,,,,,,,,,,,,,,,,,,,,,,,,,,,,,,,,,,,,,,,,,,,,,,2023
Blake Whiteheart,TE,Wake Forest,0,0,https://www.sports-reference.com/cfb/players/blake-whiteheart-1.html,76,247,,20.0,35.5,115.0,,,,,,,,,,,,,,,,,,,,,,,,,,,,,,,,,,,,,,,,,,,,,,,,,,,,,,,2023
Josh Whyle,TE,Cincinnati,5,147,https://www.sports-reference.com/cfb/players/josh-whyle-1.html,79,248,,,33.5,115.0,,,,,,,,,,,,,,,,,,,,,,,,,,,,,,,,,,,,,,,,,,,,,,,,,,,,,,,2023
Dontayvion Wicks,WR,Virginia,5,159,https://www.sports-reference.com/cfb/players/dontayvion-wicks-1.html,73,206,4.62,,39.0,130.0,,,,,,,,,,,,,,,,,,,,,,,,,,,,,,,,,,,,,,,,,,,,,,,,,,,,,,,2023
Dorian Williams,LB,Tulane,3,91,https://www.sports-reference.com/cfb/players/dorian-williams-2.html,73,228,4.49,,33.5,120.0,,,,,,,,,,,,,,,,,,,,,,,,,,,,,,,,,,,,,,,,,,,,,,,,,,,,,,,2023
Garrett Williams,CB,Syracuse,3,72,https://www.sports-reference.com/cfb/players/garrett-williams-2.html,70,192,,,,,,,,,,,,,,,,,,,,,,,,,,,,,,,,,,,,,,,,,,,,,,,,,,,,,,,,,,,2023
Brayden Willis,TE,Oklahoma,7,247,https://www.sports-reference.com/cfb/players/brayden-willis-1.html,76,241,,20.0,32.0,117.0,7.3,4.36,,,,,,,,,,,,,,,,,,,,,,,,,,,,,,,,,,,,,,,,,,,,,,,,,,,,,2023
Michael Wilson,WR,Stanford,3,94,https://www.sports-reference.com/cfb/players/michael-wilson-3.html,74,213,4.58,23.0,37.5,125.0,,4.27,,,,,,,,,,,,,,,,,,,,,,,,,,,,,,,,,,,,,,,,,,,,,,,,,,,,,2023
Tyree Wilson,EDGE,Texas Tech,1,7,https://www.sports-reference.com/cfb/players/tyree-wilson-1.html,78,271,,23.0,,,,,,,,,,,,,,,,,,,,,,,,,,,,,,,,,,,,,,,,,,,,,,,,,,,,,,,,,2023
Dee Winters,LB,TCU,6,216,https://www.sports-reference.com/cfb/players/dee-winters-1.html,71,227,4.49,,30.5,117.0,,,,,,,,,,,,,,,,,,,,,,,,,,,,,,,,,,,,,,,,,,,,,,,,,,,,,,,2023
Devon Witherspoon,CB,Illinois,1,5,https://www.sports-reference.com/cfb/players/devon-witherspoon-1.html,72,181,,,,,,,,,,,,,,,,,,,,,,,,,,,,,,,,,,,,,,,,,,,,,,,,,,,,,,,,,,,2023
Colby Wooden,DE,Auburn,4,116,https://www.sports-reference.com/cfb/players/colby-wooden-1.html,76,273,4.79,23.0,,115.0,,4.52,,,,,,,,,,,,,,,,,,,,,,,,,,,,,,,,,,,,,,,,,,,,,,,,,,,,,2023
Darnell Wright,OT,Tennessee,1,10,https://www.sports-reference.com/cfb/players/darnell-wright-1.html,77,333,5.01,,29.0,114.0,,,,,,,,,,,,,,,,,,,,,,,,,,,,,,,,,,,,,,,,,,,,,,,,,,,,,,,2023
Rejzohn Wright,CB,Oregon St.,0,0,https://www.sports-reference.com/cfb/players/rejzohn-wright-1.html,74,193,,,,,,,,,,,,,,,,,,,,,,,,,,,,,,,,,,,,,,,,,,,,,,,,,,,,,,,,,,,2023
Luke Wypler,C,Ohio St.,6,190,https://www.sports-reference.com/cfb/players/luke-wypler-1.html,75,303,5.14,,30.5,106.0,7.64,4.53,,,,,,,,,,,,,,,,,,,,,,,,,,,,,,,,,,,,,,,,,,,,,,,,,,,,,2023
Bryce Young,QB,Alabama,1,1,https://www.sports-reference.com/cfb/players/bryce-young-1.html,70,204,,,,,,,,,,,,,,,,,,,,,,,,,,,,,,,,,,,,,,,,,,,,,,,,,,,,,,,,,,,2023
Byron Young,DT,Alabama,3,70,https://www.sports-reference.com/cfb/players/byron-young-1.html,75,294,,24.0,26.0,108.0,7.68,,,,,,,,,,,,,,,,,,,,,,,,,,,,,,,,,,,,,,,,,,,,,,,,,,,,,,2023
Byron Young,EDGE,Tennessee,3,77,https://www.sports-reference.com/cfb/players/byron-young-2.html,74,250,4.43,22.0,38.0,132.0,7.19,,,,,,,,,,,,,,,,,,,,,,,,,,,,,,,,,,,,,,,,,,,,,,,,,,,,,,2023
Cameron Young,DT,Mississippi St.,4,123,https://www.sports-reference.com/cfb/players/cameron-young-2.html,75,304,5.1,,,,,,,,,,,,,,,,,,,,,,,,,,,,,,,,,,,,,,,,,,,,,,,,,,,,,,,,,,2023
